<?xml version="1.0" encoding="UTF-8"?>
<root>
  <item name="com.github.aakira.expandablelayout.ExpandableLayout.Orientation">
    <annotation name="android.support.annotation.IntDef">
      <val name="value" val="{com.github.aakira.expandablelayout.ExpandableLayout.HORIZONTAL, com.github.aakira.expandablelayout.ExpandableLayout.VERTICAL}" />
    </annotation>
  </item>
  <item name="com.github.aakira.expandablelayout.ExpandableRelativeLayout void setOrientation(int) 0">
    <annotation name="android.support.annotation.IntDef">
      <val name="value" val="{com.github.aakira.expandablelayout.ExpandableLayout.HORIZONTAL, com.github.aakira.expandablelayout.ExpandableLayout.VERTICAL}" />
    </annotation>
  </item>
</root>

